VideoNum,Last Name
3,Akhtar
10,Crivelli
11,Tse
12,Crivelli
16,Satyanarayan
17,Timburlake
19,Timburlake
21,Krabbe
22,Gahan
27,Timburlake
29,Timburlake
31,Sorokin
33,Varun
34,Crivelli
36,Varun
38,Moony
41,Timburlake
43,Cadeddu
44,Passoni
49,Singla
50,Kenigsberg
55,Moony
57,Singla
59,Mollengarden
61,Passoni
63,Krabbe
65,Passoni
70,Sorokin
71,Kenigsberg
72,Passoni
73,Singla
74,Satyanarayan
75,Moony
76,Moony
77,Gahan
78,Kenigsberg
79,Cadeddu
81,Cadeddu
82,Akhtar
84,Johnson
88,Crivelli
91,Sorokin
95,Marthur
104,Passoni
107,Kenigsberg
108,Singla
113,Rozanski
114,Singla
116,Keith
118,Rozanski
121,Krabbe
122,Passoni
123,Johnson
125,Cadeddu
126,Marthur
130,Marthur
131,Kenigsberg
133,Krabbe
137,Timburlake
140,Krabbe
141,Moony
143,Mollengarden
144,Varun
146,Tse
152,Krabbe
156,Krabbe
157,Timburlake
158,Passoni
164,Cadeddu
165,Akhtar
166,Krabbe
171,Cadeddu
174,Rozanski
175,Krabbe
176,Akhtar
179,Crivelli
182,Rozanski
184,Moony
192,Varun
194,Marthur
195,Mollengarden
201,Kenigsberg
203,Singla
205,Varun
207,Passoni
208,Cadeddu
212,Passoni
216,Moony
217,Crivelli
221,Krabbe
222,Marthur
224,Passoni
225,Crivelli
226,Sorokin
227,Gahan
229,Johnson
235,Kenigsberg
236,Satyanarayan
237,Passoni
238,Johnson
240,Keith
242,Marthur
243,Tse
251,Sorokin
252,Keith
253,Akhtar
256,Tse
257,Gahan
258,Timburlake
259,Rozanski
263,Gahan
267,Mollengarden
271,Timburlake
274,Keith
276,Crivelli
277,Keith
278,Timburlake
279,Johnson
280,Johnson
281,Akhtar
282,Tse
283,Tse
286,Kenigsberg
290,Marthur
292,Cadeddu
294,Moony
295,Moony
296,Timburlake
297,Krabbe
301,Moony
302,Rozanski
303,Crivelli
305,Gahan
310,Varun
311,Gahan
317,Cadeddu
318,Rozanski
319,Passoni
324,Crivelli
326,Tse
327,Kenigsberg
331,Timburlake
333,Crivelli
334,Mollengarden
335,Johnson
336,Cadeddu
343,Kenigsberg
344,Krabbe
345,Gahan
347,Passoni
348,Johnson
352,Passoni
355,Mollengarden
356,Johnson
358,Satyanarayan
361,Moony
368,Marthur
369,Crivelli
374,Singla
376,Johnson
377,Tse
378,Gahan
380,Akhtar
381,Mollengarden
382,Rozanski
383,Crivelli
384,Gahan
389,Keith
393,Tse
394,Sorokin
395,Krabbe
397,Mollengarden
398,Varun
401,Varun
402,Mollengarden
403,Singla
405,Moony
414,Tse
416,Kenigsberg
417,Varun
419,Marthur
421,Akhtar
425,Crivelli
427,Tse
429,Keith
431,Keith
435,Gahan
436,Satyanarayan
437,Akhtar
440,Kenigsberg
441,Johnson
443,Cadeddu
444,Cadeddu
446,Varun
447,Mollengarden
454,Cadeddu
455,Kenigsberg
457,Satyanarayan
460,Mollengarden
471,Kenigsberg
475,Gahan
482,Varun
483,Cadeddu
484,Moony
486,Gahan
487,Keith
488,Passoni
491,Kenigsberg
494,Keith
495,Cadeddu
496,Crivelli
498,Moony
499,Krabbe
500,Johnson
502,Marthur
503,Satyanarayan
504,Kenigsberg
505,Johnson
507,Sorokin
509,Keith
520,Tse
527,Krabbe
528,Timburlake
529,Akhtar
530,Sorokin
533,Crivelli
534,Varun
536,Singla
537,Satyanarayan
538,Singla
539,Moony
544,Sorokin
549,Tse
550,Tse
551,Singla
552,Johnson
554,Akhtar
556,Rozanski
557,Satyanarayan
558,Tse
559,Timburlake
560,Krabbe
562,Tse
565,Keith
566,Gahan
567,Gahan
570,Tse
574,Sorokin
576,Mollengarden
578,Satyanarayan
579,Marthur
587,Rozanski
589,Sorokin
590,Krabbe
594,Marthur
598,Kenigsberg
599,Satyanarayan
607,Marthur
608,Crivelli
609,Singla
614,Moony
615,Johnson
616,Rozanski
617,Timburlake
618,Krabbe
624,Akhtar
626,Singla
627,Varun
628,Akhtar
631,Moony
632,Satyanarayan
633,Mollengarden
636,Gahan
637,Gahan
639,Mollengarden
642,Cadeddu
646,Singla
648,Rozanski
658,Rozanski
664,Moony
665,Rozanski
667,Rozanski
668,Johnson
669,Akhtar
672,Gahan
674,Varun
676,Sorokin
680,Varun
682,Keith
683,Rozanski
684,Timburlake
685,Keith
689,Satyanarayan
691,Sorokin
692,Timburlake
693,Johnson
694,Krabbe
695,Crivelli
696,Varun
699,Johnson
702,Passoni
704,Crivelli
706,Marthur
714,Moony
715,Satyanarayan
716,Rozanski
717,Keith
719,Mollengarden
720,Johnson
721,Mollengarden
722,Mollengarden
726,Marthur
727,Cadeddu
728,Satyanarayan
732,Cadeddu
733,Johnson
736,Satyanarayan
737,Keith
738,Singla
740,Cadeddu
742,Timburlake
743,Crivelli
744,Akhtar
749,Kenigsberg
750,Kenigsberg
752,Passoni
756,Timburlake
757,Marthur
758,Gahan
760,Kenigsberg
761,Akhtar
762,Johnson
764,Timburlake
769,Keith
771,Varun
774,Gahan
783,Gahan
784,Singla
787,Mollengarden
788,Marthur
792,Moony
797,Timburlake
800,Cadeddu
801,Crivelli
804,Marthur
806,Marthur
813,Keith
817,Crivelli
819,Satyanarayan
820,Varun
821,Sorokin
823,Sorokin
824,Rozanski
825,Singla
838,Tse
846,Sorokin
848,Mollengarden
849,Satyanarayan
850,Singla
851,Passoni
856,Akhtar
861,Krabbe
867,Akhtar
869,Singla
872,Krabbe
875,Sorokin
876,Satyanarayan
877,Sorokin
878,Varun
880,Marthur
881,Kenigsberg
891,Timburlake
893,Keith
895,Passoni
897,Varun
901,Varun
904,Kenigsberg
909,Akhtar
914,Tse
915,Keith
916,Marthur
918,Moony
919,Sorokin
921,Marthur
922,Krabbe
925,Cadeddu
928,Tse
930,Gahan
937,Tse
939,Mollengarden
941,Sorokin
942,Passoni
943,Akhtar
944,Satyanarayan
945,Johnson
947,Rozanski
949,Keith
950,Tse
951,Singla
955,Singla
957,Keith
959,Mollengarden
960,Rozanski
966,Varun
967,Rozanski
968,Akhtar
970,Singla
971,Satyanarayan
972,Moony
974,Cadeddu
976,Mollengarden
979,Passoni
984,Passoni
990,Akhtar
992,Rozanski
993,Satyanarayan
998,Sorokin
999,Sorokin
